<?xml version="1.0" encoding="UTF-8" standalone="yes"?>
<addon id="cec44601" name="My Test Repo" version="0.0.1" provider-name="cec44601">
	<extension point="xbmc.addon.repository" name="My Test Repo">
		<dir>
			<info compressed="false">https://raw.githubusercontent.com/totalrevolution/python-koding/master/zips/addons.xml</info>
			<checksum>https://raw.githubusercontent.com/totalrevolution/python-koding/master/zips/addons.xml.md5</checksum>
			<datadir zip="true">https://raw.githubusercontent.com/totalrevolution/python-koding/master/zips/</datadir>
		</dir>
		<info compressed="false">https://raw.githubusercontent.com/cec44601/cec44601/master/zips/addons.xml</info>
		<checksum>https://raw.githubusercontent.com/cec44601/cec44601/master/zips/addons.xml.md5</checksum>
		<datadir zip="true">https://raw.githubusercontent.com/cec44601/cec44601/master/zips/</datadir>
	</extension>
	<extension point="xbmc.addon.metadata">
		<summary lang="en">test for learning</summary>
		<description lang="en">for learning only</description>
		<genre>movies,usa</genre>
	</extension>
</addon>